{"cameraMode":{"drawMode":0,"name":"Shaded","section":"Shading Mode"},"sceneLighting":true,"audioPlay":false,"sceneViewState":{"m_AlwaysRefresh":true,"showFog":true,"showSkybox":true,"showFlares":true,"showImageEffects":true,"showParticleSystems":true,"showVisualEffectGraphs":true,"m_FxEnabled":true},"in2DMode":false,"pivot":{"x":672.1005249023438,"y":20.935773849487306,"z":404.79119873046877},"rotation":{"x":-0.01609545573592186,"y":-0.9527570009231567,"z":0.2991214692592621,"w":-0.051204003393650058},"size":41.65608596801758,"orthographic":false}